{"cameraMode":{"drawMode":0,"name":"Shaded","section":"Shading Mode"},"sceneLighting":false,"audioPlay":false,"sceneViewState":{"showFog":true,"showMaterialUpdate":false,"showSkybox":true,"showFlares":true,"showImageEffects":true,"showParticleSystems":true},"in2DMode":false,"pivot":{"x":0.9155406355857849,"y":-1.1522085666656495,"z":-2.556931257247925},"rotation":{"x":-0.01634896732866764,"y":-0.9772613048553467,"z":0.19485902786254884,"w":-0.08199422806501389},"size":6.926446914672852,"orthographic":false}