{"cameraMode":{"drawMode":0,"name":"Shaded","section":"Shading Mode"},"sceneLighting":true,"audioPlay":false,"sceneViewState":{"showFog":true,"showMaterialUpdate":false,"showSkybox":true,"showFlares":true,"showImageEffects":true,"showParticleSystems":true},"in2DMode":false,"pivot":{"x":-28.134109497070314,"y":15.560821533203125,"z":-27.478038787841798},"rotation":{"x":0.25446709990501406,"y":-0.13264675438404084,"z":0.03526075929403305,"w":0.9572920799255371},"size":50.29862594604492,"orthographic":false}